x1,x2,x3,x4,x5,y
0.30471707975443135,-0.5109537072338073,0.3947604810591069,0.2873940345861748,4.905024056768864,1.2018482825292516
-1.0399841062404955,-1.3855484037574608,0.03441968255071037,0.05194034791983483,0.21173056999352402,0.5044927905301916
0.7504511958064572,0.40336163178032347,2.7411112188394533,0.44120733018667807,2.224688805135031,0.4015182234004695
0.9405647163912139,-1.5213097765404227,3.95854902134846,0.28924264779551184,2.734938937891091,0.49737459054543315
-1.9510351886538364,-0.54032255568699,4.588740109200717,1.3075731739885892,0.7337161660382624,-1.3429935551250223
-1.302179506862318,1.8337167236038896,3.62961574301181,1.0580302989774562,1.6814291521368085,-0.1846995356969232
0.12784040316728537,1.9818578903345485,0.7805316367396327,0.2581317143494715,4.938237238782309,2.7193077873403175
-0.3162425923435822,1.0884195654183424,1.705440326052686,1.9929758858485394,0.08115228171235722,-0.4667434574840098
-0.016801157504288795,-0.7561539603169352,2.5336457435684876,0.8266087217535338,2.2625396576219203,0.4945448134201739
-0.85304392757358,0.75066019666437,1.242355898598924,3.0130602287585586,4.213273108590981,8.465450772665884
0.8793979748628286,0.8216254619360508,1.2615283758230889,1.487926638163377,1.619506313596442,2.3815672055051325
0.7777919354289483,-0.448633219345401,2.647506263752364,2.322553139736032,2.3989925137757666,3.984234726603372
0.06603069756121605,0.5635545383446376,0.8814347079481356,3.1783603034687067,4.8902287289399,12.093543297694865
1.1272412069680329,-1.957089420097295,-0.458573872747323,0.5159040902777902,2.3743841823785194,2.7838934404467777
0.4675093422520456,-1.1637693655910342,0.17105386832828295,1.100793339718115,0.6546065607324952,1.484053928252552
-0.8592924628832382,0.10035321186904467,2.2678207554674845,0.173175365670106,0.2586074583319553,-1.878065623777934
0.36875078408249884,-1.3449947829668165,1.0059865823999115,0.2782882096546001,4.727082862199742,1.5941952500619214
-0.9588826008289989,-1.3363725284938655,1.6804199537366757,0.2286994761358321,1.3290470663753284,-0.19204634853340508
0.8784503013072725,1.3452171622009517,2.3401584844043795,0.6179067696094199,2.5203195328227546,2.2210768844050834
-0.049925910986252896,1.956532010734422,0.2503170742047808,1.2463493111155781,0.453508830449843,2.099465853511017
-0.18486236354526056,0.2238777121137936,2.512496327259612,0.8439213186499531,2.1182756027530254,0.09315870522494427
-0.6809295444039414,1.3562789235268538,1.757685206916789,0.028600398829982703,4.650527596250621,-0.92552718504514
1.2225413386740303,1.9612866573050902,-1.4696261738229572,0.2424656357761595,2.512064968154692,3.105677193770675
-0.15452948206880215,-1.4336164457249012,3.8846095823724887,1.2494837845844735,4.855675759011639,4.378431556435655
-0.4283278221631072,-0.20701754698259567,-0.001489487513832266,1.0155825869539734,1.2941781861869983,0.7042872295104057
-0.3521335504882296,-0.42970913663232047,-2.3101906863703676,0.3190903626343747,2.5227261985196856,-0.6797173986713712
0.5323091855533487,-1.67980286541526,-1.0900874191726047,0.36534821272963797,4.2976539590466265,2.181421121273229
0.36544406436407834,1.0213206911789778,-1.042090321356644,1.5095007254495056,2.241261772768719,2.9248062246462196
0.4127326115959884,-0.26488389070962803,1.104346637315067,0.7329596961854737,1.397436867850948,0.4799030214607107
0.43082100300788273,-0.12269226323839488,0.4522989889075256,0.9089811345653688,4.277376817089408,3.290181557096728
2.1416476008704612,-1.3973081047470393,0.32633606471881427,0.5694583495059922,1.949447344363045,1.5811207591670908
-0.4064150163846156,-1.2762933910765275,2.239403930964958,1.3632895481929936,2.6536164553011705,2.1223363452769113
-0.5122427290715373,1.62841448862486,1.6797507223854076,2.229743533547649,4.882635332075728,8.287861906745805
-0.8137727282478777,-1.8214036441028845,1.6320957412885724,3.3538557502848954,0.9324164737793195,3.0887361697245934
0.6159794225754956,-1.068590860225175,1.8196569146573853,1.1234373559235287,1.5070031836009283,1.2476564660422187
1.1289722927208916,-0.8317626787418866,2.2322693360044763,0.5167545833673197,0.1553480003491997,-0.32083420576009214
-0.11394745765487507,-0.03920983039365433,-3.215906683554886,0.15820264378966978,1.9591885495502637,-1.1131927133968766
-0.840156476962528,0.3457806920591837,0.2711234954710776,0.036455305910541254,1.0009171529242977,-0.914589284048335
-0.8244812156912396,-0.026840096597333662,-3.360420128978948,3.0914863199033817,3.400174677039457,6.202508384347314
0.6505927878247011,-1.663538661772472,1.072119853595591,1.3507701405913857,0.9066072938292619,1.8786332797476208
0.7432541712034423,-1.0253301837771458,0.9907340555513093,0.49640088536397753,3.3740637620293485,1.7333564934946442
0.543154268305195,1.3743535390501647,3.0910645495793605,0.9561688712359372,1.3173771409465884,1.2299129490215734
-0.6655097072886943,0.5503548019138362,3.3752687854422416,1.8888096602639566,1.776089170605999,0.7467183094828931
0.23216132306671977,0.5965962005370975,1.4055500965047347,3.885642480312963,1.7443032602319875,5.048228877300511
0.11668580914072822,0.6808130214054198,-0.0007221547937996675,0.22126259706246776,3.583758750818047,1.0301144622406864
0.21868859672901295,1.0516120761581162,1.9703222250914756,0.9070625986702383,2.332546315691715,1.457379749230639
0.8714287779481898,-1.7675660731142107,-0.05583527464862703,1.591514806492346,1.8064944942634154,4.093523200513474
0.22359554877468227,-0.5335664602695505,0.9972146971133022,4.648596812971634,4.263113595197249,15.595100221002353
0.6789135630718949,0.1581097410467147,2.9722726339215355,1.4205698490035534,2.8597531282060134,2.4567606584022172
0.06757906948889146,-0.6461740668106959,-0.11554269197884715,0.976487010754563,1.069154106389989,0.826876312198572
0.28911939868998415,1.377915493148746,2.611357278485002,1.153316760901879,4.500456390718413,4.283670229192261
0.6312882258385404,-0.06970996565082421,2.3548027373846048,0.3532807753840578,1.713251480168203,-0.08364928399604975
-1.4571558198556664,1.0745103578375166,-0.909583634261643,1.147998900833804,0.19489688768660196,-1.3058502956998128
-0.31967121635730134,1.4080620675246762,2.947788256434802,1.982594068559233,2.4730011198722646,3.132013099700221
-0.4703726542927955,0.01916593161399227,2.3971326907430104,0.3089257568153325,0.619690272204389,-1.5575745315838314
-0.6388778482433419,1.6382089754853997,1.2038517747453148,2.6919560474766624,1.1923322185787129,2.2878910790958433
-0.27514225122668373,0.34849576214792233,-0.5246469160553044,0.11013224530371772,3.735554363437055,-0.3369196386901828
1.4949413112343959,1.401097195334887,-0.71841203715114,0.48755753393213425,0.6537590668815929,2.271912626950426
-0.8658311156932432,-0.6376368176339029,-0.07532515380604488,0.18123421168957798,4.034721121770178,0.0884533848681765
0.9682783545914808,-0.004732165874059113,2.0851889265839203,0.08560084154607409,4.684536440654768,0.21879910980200376
-1.6828697716158048,0.1256441640183108,-0.9112503348027958,3.6770103064198607,3.0326605020397235,7.05037793187516
-0.33488502998577485,-1.5800811364157177,1.8750244972397399,0.31751984150487683,3.5517959601141462,0.9745414333064087
0.1627530651050056,-0.40578997319383747,-1.4835110577567852,0.7207677037480847,3.567933049537087,1.2042915611812577
0.5862223313592781,1.6693506902067043,0.5918628311223021,0.9827918956183915,4.964039786352225,5.667333302528711
0.711226579792855,0.5233289614589696,1.2192955091480173,0.1406710475852858,1.7076913110081144,0.25298733768205733
0.7933472351999252,-1.28997367025213,5.890260290117833,0.34454515747815245,0.8142827562135124,-0.6764638015750575
-0.3487250722484376,-0.6445774575615801,-1.7546313110407348,0.32578158553661984,2.595836174571607,-0.3643651006399099
-0.46235179266456716,-1.2335879613492007,3.944029132980267,0.3727206776422603,2.666249049158541,-0.35525059325499386
0.8579758812571538,-1.9007074728057098,1.29968482797456,0.6592184609255727,0.8895624414807224,1.5000765686896569
-0.1913043248816149,1.7098418340161068,1.8223438360319264,0.4055651256099823,3.0655470949706976,1.214522236759123
-1.2756863233379219,-0.20717068697251406,1.236695826776409,1.6853389040435058,0.07062366738411985,-1.4223040941704717
-1.1332872140034806,-0.7698597103168554,1.8894536363904662,0.7213220628917058,4.638342012271107,1.4168095602342978
-0.9194522860016113,0.3939087662309464,0.6926297912759645,0.5229378992986946,1.3228713891063082,-0.7633058178756795
0.49716074405376404,-1.9707421748279375,3.9081003629149165,0.25942012069440246,0.19780104195095904,0.57968128857937
0.14242573607056525,-0.8879115735967447,0.0870577115505552,1.4361279240852816,0.5412472073742852,1.1693808933637386
0.6904853540677682,0.8121338627955703,3.2644691443584954,0.48657699486769596,1.2012447413982086,0.3204411998588253
-0.42725264633653426,0.5350790922770519,-0.2887342404260458,0.4912913808327341,1.3695308430302262,0.05816594987360821
0.15853969107671423,1.927223790170142,0.8794963071974261,3.3291233288499114,0.16404999748864335,1.818391147965756
0.6255903939673367,0.4814308386321762,-1.1439251045804384,0.05915711641694492,1.3967740609686459,0.11541681314383102
-0.3093465397202384,-0.08997650548906888,1.9100474406950398,0.5249805962374795,0.9647086824674106,-0.911093295048318
0.45677523755741145,1.0457302527360306,3.8902519138530676,0.9237395270632976,1.893104637172593,0.7619141839358284
-0.6619259410666513,1.6133114878562123,0.8452876403582918,1.3805564010369895,1.925838686779846,1.9276660076687038
-0.3630538465650718,0.8827837868734063,0.6062286025921809,1.322998789266866,1.6950387030143954,1.4858110766946704
-0.3817378939983291,1.8528448941975184,-1.2292339261358536,0.32479031602315134,1.63961941765352,0.8201545675386162
-1.1958396455890397,1.1280206829527089,0.5414146928953838,0.007409990199945112,0.4486563887062561,-0.9816873998477029
0.4869724807855818,1.4672057530477058,-2.1855885194430553,1.105369221546447,0.12602473563081085,0.7297429779446382
-0.46940234020272387,-1.5435837152654512,-0.8257559734376545,0.8910615083907023,1.010571500782333,1.067409662462062
0.01249411872768743,0.9296540119751509,1.4535720922182709,0.0922113421645814,3.7832471370830767,-0.1322245365865636
0.48074665890590895,-0.23964520189052552,3.6380263954827923,0.7070919816458135,4.95404882775561,1.6430966192527383
0.4465311760299441,0.21241520964510086,6.618421722459006,0.20544824164618686,4.642630875286645,-0.881035918353162
0.6653851089727862,0.616409637929427,-0.17317017014180136,0.12133187746731018,2.521096777688843,1.142019843009477
-0.09848548450942361,1.8792604668222777,3.87060031329088,0.8531519003925714,2.659119278889671,1.9808828043945685
-0.42329831204415375,1.9383123257264985,1.4875049608032958,1.1211308095138541,1.5729078451792127,1.6219696941630202
-0.07971821090639905,-0.8470870180483789,0.6975047065072483,0.9678971577923591,3.8696971931882813,2.8634185428312255
-1.6873344339580298,0.9350139897516647,1.8651889034523044,0.36812012725161974,3.8237834396632433,-0.9646368897614362
-1.4471124724230873,0.9999341517410745,1.1238329673599183,0.925720247544553,4.2213617879122225,1.4804665623970474
-1.3226996123544024,-0.6140285547478048,1.220791451224437,0.6105453419197535,4.477522885984422,0.8979294006901279
-0.9972468276014818,-1.504520900543116,0.1833336743466616,0.7194574536060682,2.1717462411264785,1.9230075867157401
0.3997742267234366,-1.836212158857121,-1.7962193195977014,1.2731314311721156,3.834377840535988,4.74016395544849
-0.9054790553600608,1.1093725101167142,-2.087250405044163,0.9043073920144709,4.031993643979393,1.4579433078212782
-0.3781625540393897,-0.04120103273237641,2.306489766562454,0.995878606187879,1.542298112488751,-0.2998829977914487
1.2992282977860654,1.9421606779797047,0.4465998198285732,1.6419325764788681,4.64621122003075,9.402553575995345
-0.35626397106142593,-0.14010617522538782,-0.19217779931233325,0.46172161307958465,0.4717075131982773,-0.4088558744678104
0.7375155684670865,1.911667916295361,1.0170112534463072,0.7417413061726458,4.971345895816414,5.3868648654284215
-0.933617680009877,-0.3536959912237605,2.589864505831255,1.0359468940924708,3.850453590794347,1.317798396980922
-0.20543755786763002,1.1747286022398904,1.3607278860527963,1.779762657180674,0.46635452662163623,0.2899281376069432
-0.9500220549105812,-1.6607229107526718,-0.31210987328193474,0.29570088144099343,3.281148240525003,1.3826247057557248
-0.3390330759005625,0.22184684055105564,3.4525859112978994,1.4678768282843169,0.17089705464130078,-1.7056019510184977
0.8403081374573955,1.2082391479428969,4.158371005963264,0.3226084378647237,3.850934747220914,1.2564004007841352
-1.7273204231923487,1.6988066688795547,1.9891133106457066,0.39723630935552184,3.9961146082952763,-0.2214843053107537
0.43442364354585733,1.2903323624697265,2.9473270226881803,0.5500651633101259,3.0120512654572384,1.1825746764789433
0.2377356023322779,-1.852117091195303,3.483919993627622,0.11612344716089205,4.284301959582852,0.8199147917837317
-0.5941499556967944,-0.5091906347730633,3.2601986328090273,2.1578301838274667,0.4894164010742985,-0.9982384408580243
-1.4460578543884546,-1.805206110744595,2.2281983542252473,1.973540557498716,1.379619210204066,2.5676791287603558
0.07212950771386951,-1.562870835541768,2.1966940941497657,3.0708312903846995,2.0708876079633525,5.176107297036897
-0.5294927090638024,0.7012225146699365,2.0393211466930055,0.9007899634856005,0.2122897641404914,-1.3088074608734637
0.23267621135470395,0.8530327852467927,-1.1946753490940871,1.13555810166036,2.241080437855831,2.0217220035857837
0.02185214552344288,1.0948827310065052,2.4014463137191715,0.3528646295797501,1.32606728056283,-0.31120006804353073
1.6017788913209154,1.4618261922226514,-1.711627942253108,0.028718755881009413,1.963675060508765,1.718726279857167
-0.23935562747302427,0.9577258739060395,-0.5891989102501098,1.3288915949127322,2.1255131599615322,1.929552985153528
-1.023497492621865,1.2034863684265282,3.607130135616175,0.2198478273098823,4.397058667438426,-1.170813957028594
0.17927563495631615,-1.804145160706883,2.6804403253883953,0.28860958345853066,1.3517048526381954,0.584726819879732
0.21999668397176517,-1.0618593982348057,3.9747965793717253,4.980241307095585,4.46871564358136,16.744955262916687
1.3591875752404365,0.48759109350098306,0.4566512326254155,0.16587130469221498,2.129854824064246,1.2842425596761584
0.8351112459145785,1.4325012184992927,-1.304497682553535,0.09293558580340837,1.63903860346993,1.352989858020583
0.35687105914950934,-1.9819995002413635,0.5191256058593143,0.07828279661937566,2.51256024667573,1.8013043619397835
1.4633028912195618,0.05851736846539923,1.2040625944811485,1.0677717764271546,2.0887164318141984,1.829863505551698
-1.188763054322851,0.7091495974575888,1.1579774326800194,0.4472481950752916,1.2868615652757303,-1.3059973415175063
-0.6397515327497477,-1.8815708434855472,3.2673609575134033,0.40525657605645427,2.5133966239803347,0.8973837254390687
-0.9265759414055249,-0.3945777697864483,0.27745914999310894,0.7968181400346438,0.7590086653941563,-0.2800423202584512
-0.38980980315576796,1.5825395255347874,1.7040689436058485,0.1070552126352378,1.7596497151148305,-0.23404057664642672
-1.3766861475563088,0.6864512354234349,-0.9772542988692121,0.1415232249101093,2.828951096870453,-1.2248021480358473
0.6351509468144043,-1.0493665465576107,1.9006345560876259,2.4906887344454285,2.067041221949293,3.929232158638506
-0.22222269709877338,1.4111245185276506,1.0062171003712734,2.12256967154564,4.119561805253983,6.911848296765159
-1.4708062945026579,-0.6078743063619427,-0.4996266765690349,0.8294411475289208,1.2836088076758312,0.0582319629264223
-1.0155790812075416,1.4133786845762377,0.5283412756502943,2.450193700033807,4.84885789415505,8.819890214321116
0.3135138474501953,-0.8042253955243779,0.6316485069695568,0.07940537416075828,3.9236101042567566,0.26060285725627313
0.8381265678943811,0.36128100353259596,0.45968974132580764,0.8084592867920564,4.837965129987361,3.6347941621753352
1.9967308916917865,-0.4122397290086637,4.5426824845353675,1.143644904470715,4.1906827741515205,3.0056354231316975
2.9138624660073296,-0.9006997969797319,0.8031079953842407,1.8536317098511026,0.7105196292582133,0.45478417489594336
0.4144094332759964,1.5462302486874768,0.5122077796453246,0.860125255010995,2.632300453175069,3.106331606358199
-0.9895381200318641,-1.2496252722420347,-3.1949019152202833,0.8421393973455257,0.8498926059789286,-0.5495561489674019
-2.132046280731309,-1.6607536350569476,-0.7884147039589546,0.34485442520008686,4.091136763136286,2.151065299454183
0.2677114623438358,-0.6322922458173585,0.4738531510872943,1.1002267514038677,2.9208107459164796,2.4979794126977897
-0.812941095310326,0.8705565905662702,-0.3717053523532856,0.13548819580915666,1.317246571784529,-0.7385370638770149
-0.41535726017968533,1.2297264239051269,3.763415186755594,1.9521188615800844,4.6479948600358565,5.8976821067932
-0.6120967990598081,1.9949734802670593,0.6701244492075628,0.6789446020933954,0.5759302665713034,0.9629822926249194
-0.14079088641638526,-0.8145517719553403,3.576888498636505,0.11446015953370434,2.81931201735657,-0.9162922595866999
1.0659802307876436,-0.3682321954748713,1.123409268100736,0.35767276645386553,3.605202773333627,1.0709448339066296
0.15704856744534462,-1.4527148878814948,1.0744556728431534,0.623789130825955,0.2942426866621589,0.5388922218143524
-0.1586348370386883,0.2994877184921343,0.8224071045749981,3.507144109784595,2.989280166031018,7.725963438149301
-1.0356537528258116,1.9903201490516689,1.0075925032429183,1.127580414472972,4.079506077315471,3.426628291190312
-1.674682944704357,0.803524040482634,4.437590006099718,1.5703741604718087,0.3376365720902669,-2.2857769320103265
-0.4863079090733309,0.380851361653487,-3.6392214535024365,4.62860866654467,2.5612148555331355,7.490147347332607
-0.05378255081832049,-0.430523628312824,-3.0030914888773577,1.370362689400733,1.2927858907437,-0.020873283944746135
1.767929913579883,1.6611950411422192,-0.08634166211222771,0.07595010220491646,3.3146222576846043,3.264376693277601
0.13027452147288585,-0.012333615478602233,1.0290557638751379,1.2394949694107464,0.5933868353942245,0.15503569865987807
0.9827395110230576,-1.462532346747754,2.3802088495280245,1.485055964156195,4.685257153352534,5.803049775287781
-0.49929559853915206,-0.5384861472034661,1.9461743960549502,0.37757200052445505,4.473642908573659,0.18166128266581683
-1.1849437664170246,-1.7313333246089324,0.2315081742388596,0.1770718036409971,0.9298720993785459,1.059859522157883
-0.9651167622323719,-1.1920838492448738,3.0380873864835247,0.8148648515901844,1.616329421825523,-0.07941202693358426
-0.7252260645357532,-1.9293248760003512,3.060390806305462,6.223300669428093,2.9381748732652153,15.083706579955793
2.1284697324351645,-0.18688033399934634,1.368115662543131,1.5331474028819776,3.5903116831712523,4.182368452662486
-0.8213866792243861,0.5381610598071886,2.9253151449736823,2.0483610478695757,2.213280075801291,1.3497552834832658
0.838489203736345,-0.626830150484369,1.5452905268642576,1.479779426959508,0.7814566098048753,0.9019357399394772
-0.9029271780870264,-0.31847291397889155,-0.12296605356576729,0.4246012848722887,0.5207574690143579,-0.6699261859982559
0.9315730128742441,1.8368370913783036,2.395633678000009,0.9580954737584887,4.9988266845717195,5.609810504539476
0.38495096610586316,1.007852486299662,1.2212262451573555,2.9315973842908734,2.2767606072174362,5.482774270821365
-0.1566378976580904,0.16342654777980492,1.002679693508974,0.3588645904291176,4.362658745742491,0.4344894704913684
-0.040762526135434025,-0.861836499552699,3.9459071443791487,0.05662112974772025,2.411880023145572,-1.2431942912292664
-0.6547876954293904,1.5879871950919808,-3.901744257080173,7.6146659199396725,4.611788192730017,26.826118444766035
0.44607220148208054,-1.059611532477362,-1.8353683403191394,0.49981695042271806,0.438796913857753,0.029278924503687312
-0.45498348034078,-0.6986290779332918,-1.3741408527487402,4.633911238409699,0.5700959566727548,1.0479059603119716
-1.2256057637672482,1.636259257691794,0.2734787048623888,0.8961256804766731,4.648160938621121,2.816546969029516
-1.2779375743196193,0.11816822114028946,0.49078366046793975,0.8256420644094692,4.737465225223925,1.6993761301071582
0.17258791772211948,0.9692717976719067,-2.014651295546095,1.0573973281234499,1.5735872373268167,0.776421523109432
1.579091256410435,0.3629791766550645,-0.9703160646216527,0.8652004310800835,1.7758244349693593,1.7465008981170715
0.15999161357343825,0.6137568360379806,-0.7216833570471404,3.2866007721058237,2.26225117417379,5.793787748560476
-0.11863832610988256,-0.8024668339406977,5.914848184151784,0.541839969733569,2.080808400336454,-0.83947648469552
0.2858261396025429,-1.0345117534933483,4.603483895494293,0.16524186914290526,0.9502260797979833,-0.8965621674122226
1.3060017417068248,-0.710030611325339,0.17650116463070142,1.956562186501158,4.491876919696873,7.805401786391889
0.21938250136385634,-1.3782337436663101,0.27283341938640215,1.1492041486277225,1.2665380035282188,1.9342717643250926
-0.41092723083373717,1.4972574611632297,-1.2984079943765883,0.035552056131649704,3.526362047388258,-0.12596365858432546
1.1062887100598888,-0.8670122669995437,-2.8162608264505335,1.140745312883801,0.3357783886748644,0.09290443287735775
0.4287564384616135,0.24595757765753845,0.7662396271829519,1.6666559412473205,0.19375665764214733,0.12067418531142246
1.535755991995992,1.1678977005654962,-0.9957039664880514,0.38133818512483253,3.268652362884603,2.5741529748122964
0.18323443722190613,1.1352964375028542,0.8302989366759804,0.5290392046262927,1.6950792878663017,0.9780371298714129
-1.2244690317205003,-0.24645496566322844,-2.200411698086955,0.12925087839464033,3.2772969636000067,-1.6075786836362123
-1.368159199245665,-0.09497076565309737,-0.5239489166205156,0.341995442943243,0.4701060108441518,-1.0721566865837553
1.6509279322312496,1.9788069957400993,1.2972541906056616,1.1303923970986762,4.749256899579317,7.448660553829118
1.723665720783297,0.6983899079160962,1.732419195567875,0.03132551049452673,3.742572334465477,0.5046112343603419
-0.17951921328260065,1.2585537724715308,1.8349439174840292,1.498239964655119,4.381336165128996,4.800453651697372
-0.38318732113598775,1.6102158768769277,-1.6409779683140746,2.909525789246988,0.6823527702225546,1.477810228937016
1.4614442922422022,1.1503593449173568,2.7093714602711234,0.11648848407079415,1.600804844464347,0.9762043648033416
-1.107045682043488,-1.2592826201857297,-0.6004233932037006,0.5826447774447809,1.8417208210317204,0.8044907475598901
-0.8947270189558264,0.24868293495028881,2.2657158292146127,0.2364407702246564,2.6858632416340926,-1.5603201757792748
0.6433267946890444,-1.5924233707418205,0.9787226467636138,0.6639697866287033,1.4843424275370714,1.5178734439174992
-0.3946051228595896,0.6116885062559936,-1.7527749981558958,1.5871012136049227,0.3031537109470256,-0.8833589928807629
-0.005121866720071296,1.821397712751244,0.3676045908376241,1.0696394692980504,1.8443919036873535,2.7403833767042514
-0.16344289852451258,0.05092825720044525,1.7307274841275353,0.5248480295072961,1.2727465731364107,-0.6580628218272594
0.33757454879893356,-0.2681100285289313,2.225930760949198,0.21316245202446574,1.9296064573160743,-0.373492710130778
1.4074818613137168,-1.8566289943273473,0.7180242051111627,4.037777301333368,0.9847977131001312,4.375241807175284
0.09058490690174555,1.8390980893168813,4.063557781202105,0.30747286389886563,1.3094818728236772,0.4036654019387981
0.6439387932768579,-1.5879892634793649,3.015021541973118,0.36275839846482716,3.134761702161344,0.9709176439921035
-2.0501721010310225,-1.8356836267806123,0.48669176720049434,0.005163482460343287,1.9407691728903254,1.5317559468992685
-0.04871840193011795,-1.0157335539802461,2.500243624273889,4.4518165049200356,1.7269169658474604,5.342933378207841
-0.8432302702928711,-1.7378782643264703,4.867586970376374,1.5214784623056745,2.6695281636118646,2.822718433368674
-1.218813060423628,-0.17952863035295064,4.920969201566054,1.9924428504444318,3.859302704219629,3.6115547537228623
-0.8781523669287508,0.0643512050284496,-1.455999761644995,1.938160518658713,1.8943397817397862,1.3037781878877304
-0.33412344070081207,-0.7497202038856643,-0.8530662223143013,0.5333808122969064,2.9375974627792028,0.6794565518442108
0.9159025423560131,-1.7961580697004558,3.969837573467702,0.5906182244799995,4.831013126840881,2.631236144590642
-1.326392717739564,-1.5535985270030932,-1.1165621016752745,1.6787911432782539,2.6099005705902534,3.5239479249067522
0.030631492594417446,-0.46198248804028763,-1.645082266583358,1.2853241981638621,4.548987882587722,3.9236534782697694
-0.4841694333335785,-1.7578861966938555,0.027611738601906244,0.08374063794559447,3.9683631212821346,1.4623517247320148
-0.32767309436196085,0.7927589024396537,1.8404534189491715,0.6901677891544339,0.29359340825074853,-0.8838602157627664
1.0027578253046041,-1.171917833900752,0.7952065867778073,3.2699078378836677,2.1454943573462844,6.323057810430794
0.5381154370039261,-0.791713724865446,-0.30112724081118425,0.9251095979186775,3.4915920393429407,3.040053680766024
1.3373981074427437,-0.42349689128761003,-0.348424923449018,1.0106242552345774,4.933559562240999,4.564867155933658
-0.15450567924990047,-0.33356146772340844,-0.42467412882541744,0.30665667275050684,2.291881455807563,0.16554556091835435
-0.695942611670703,-1.9933571693007979,-0.7590192573178851,4.027789598390453,0.4639272706336972,2.405778826680393
-0.22385881688049952,-1.5517185160052098,5.563265754552123,2.4474135097858536,2.810045873564339,4.736744040870078
0.2424967912712216,1.4510582549635123,1.5950221423711097,0.7164661158763665,0.6328189606198015,0.7962594571948644
0.17657335845371103,-1.9950677499523675,2.773518108809477,0.4414302018234544,3.757597801396967,2.054025330539051
-1.0843880722333665,0.03266942325150035,0.02184506376215256,0.3249491602454103,2.5383849873088895,-0.18519155828319936
0.09048978162787422,-0.04199197397116761,0.6280866456279023,0.5266391163856333,3.6171568418864326,1.1191746933023496
0.22822833013890514,-0.6676233559574487,-0.42710796274070995,0.16672159325055236,4.346809134392618,0.5134963319580307
2.5174740375339204,-0.27469191941420146,-4.303416669838404,0.2811884915478233,3.144740085813886,-0.560428589235091
1.8768446112816701,1.1223245501063372,-1.7560185536957325,0.04986771594142374,3.0621966462659076,1.3303987341148866
-0.8532433505588201,1.3648148248598257,-2.6212373599607894,1.9721284106344315,3.7728514771981563,4.505702675656785
-0.2873833615491761,-0.9586058263389998,-3.499567555903215,0.08782682803792576,4.212275007263337,-0.9331638512633293
-1.4634420018370031,-0.7100382361290807,-1.3907179485962056,0.05317782844916595,4.3452689313850135,-1.01323521560838
-0.5907070139634865,-1.030068587886669,3.6499113587632617,1.9511916905632947,0.18215097841441652,-1.2050095323604828
0.3156050035903405,-0.08054639779573947,0.9111276645912911,0.7776092633146209,2.7809514839889466,1.4058807422525001
1.2058536208882336,0.7330334306352517,3.581127524642348,1.2935477418096084,1.0813465489877572,1.1940590477610054
-0.7290838377436085,-1.0869884981463178,1.8219651538017505,1.7380989833144236,4.301729453908917,4.9329076839954835
-0.6541464400677965,-0.6770570317805333,2.5651176514303184,0.6855952442714304,3.241988426016806,0.27851042913107377
-2.147289029738655,1.721538470356602,-0.8017939906091502,1.3483326739047288,2.1011123951621906,1.1535536818998837
-0.16266592054490767,-1.8057228406121677,2.0479019083853416,0.7351651273206926,0.9405211406067565,0.9581130339428516
-1.062414411859563,-0.1569215790417351,2.4574284681486915,3.79403112784013,1.6951181295991324,3.00285255149439
-0.5294394273660737,0.8462321663871113,-0.15329458446738586,1.6908184490631526,3.5188884727011227,4.318859707615042
-0.8768607781675882,-1.3981839537701037,2.1190807412323327,0.36200471165507825,1.0217977260581939,-0.08096823028384781
-0.09426255425255699,-1.8105039199780726,2.132375517149666,0.7183971542486646,0.46791472669186374,0.5967221994308645
-1.7577283913566313,-1.447178513445877,-0.0991052422601657,0.22175873616415026,4.440143791137755,1.403962940823505
-1.4670452453909906,1.6752927741227315,-1.24553686454199,1.2715889926083863,3.821051747900584,2.6192689538580423
2.129247112028298,-1.9629608727155063,-1.3682566637965445,0.2782911781728329,0.9989746532906629,1.0537884742519161
-1.287422581274031,-1.2467121007545927,1.1730110838429235,0.7270091795499397,1.4615577171499583,0.3262464362559607
-1.0967855784546396,-1.8748659483934218,1.6540197375786296,0.7515935950272835,4.860350885654428,3.4284818304745883
1.836913528321314,-1.557482129751187,-0.5850516609158289,0.8178911523596042,3.540922433795587,3.1353625964807232
2.905067169240407,0.4805971465131851,1.0531706826521974,0.28532846004055956,3.052610021069124,0.6516328281744856
-1.1715666288253417,-1.0334443650436569,2.1410740722769708,0.747032816294225,1.5381424271206519,-0.2729779553520037
-0.36824895678803055,0.2768482017227072,2.236381429330602,1.875913026465372,1.4956257208326114,0.9636549276546503
0.34155555094050954,0.3607815310645046,4.103760240244977,0.29741451045496914,0.19761809345115233,-1.0067479592089414
1.7286976444055924,1.3977413323591161,3.5539616643960867,0.4277255928656624,3.642409334509657,2.334351550325618
-0.9868570784282374,-1.9810344283525043,-1.0025828655130882,1.206990853738269,0.21587612528442268,1.2932187316765467
-0.24527784594210975,1.413477837369467,4.367172419076045,0.22891763329991333,0.02428668888639518,-1.1068802802010071
0.777337576061744,0.476476345707896,-0.061953009111429536,3.034809090507148,3.6474754393048956,9.543780778213291
0.43476607446661863,-1.3490260555801696,3.089745624908855,1.452332950940178,4.7443687857456265,5.36097148354101
-0.37615607123009925,1.091749552541136,1.1359732521021777,1.4570341078894973,3.7825152386365524,3.8714999179388436
-0.13382296451604114,1.421966167162343,0.17570124308606483,1.2551710486544787,2.3582009531218935,3.1311793833931363
-1.3748958083699818,-0.9829460649833708,-2.6153937195498655,0.3722866994069895,2.4302262478043652,-0.7007413311979965
-0.23817374397466523,1.6751747236107235,0.6568709795673036,0.6095027334204589,2.1806821132455267,1.589178989454413
-0.2663874900089551,-0.18217027880536873,-2.118766470611218,0.7172839401436035,1.6232183355516683,-0.3631109531261057
0.23216988962625595,0.4136978173332859,2.9345984716855447,0.7704952858774533,2.6085710709292007,0.6217312665162475
-0.555327218819016,1.9385981344705745,4.033585314278496,1.3860453731024809,2.155754785705575,1.7637759885009727
0.471538522545139,-0.5538556854432026,-0.5938219785933805,0.37518495314397843,2.9908394002038734,0.7989384976368286
1.0127158178198286,1.2526373832804514,1.6039414850385423,0.6067611255970965,4.490600402505472,3.2475317416710165
0.15542932766846604,-0.7264035286861614,-0.4507830440159508,3.496210389637782,4.9750470866190515,14.035610558796124
0.35175640839920347,1.196854088965964,-0.25696946027357925,2.869132014946973,0.3937164494145856,1.7423144970363347
0.053155347577867364,0.40293567545056996,2.5489894077307427,0.3579785179705903,1.923417363306707,-0.5112189186951678
8.439309141418043e-05,-1.1345772190983943,0.922923476313175,1.102755389024073,0.9035309788340473,0.8200948234511303
-0.7215580335428474,-0.34389562484305447,4.479296083862023,0.24834822528284609,1.7606023696276685,-1.8031487494842615
0.316494261673308,-0.7294574625457533,0.03553504259415796,0.4105999456464052,1.437365092742115,1.0324551585515815
-0.09728659841348947,-1.6875664276785445,2.9986726649489786,0.39127881292710265,0.8726856581339415,0.1938220267702266
2.093168308930595,-1.88066091960121,1.1948268259155639,1.0718471367891558,3.8203802671064526,3.782210776862896
1.5733549024752425,-0.6140853783712763,2.5915560194884666,2.6513028086310966,2.481443714146179,4.830004338876166
0.3858465525565008,-1.9238634087300537,0.10568468534010655,0.6374503687411656,4.596227911086129,4.336615679555851
-0.7630572096947675,-1.3380489696728999,0.9008823248968346,3.0279196512307984,0.16296221623507245,0.2085863460631462
-1.112411471983418,0.9007332834034751,0.7690022414021305,2.229068204092858,0.3348900656599496,-0.8343297333047666
1.191142953088865,0.8323649427343516,-0.6721142296915743,0.7548298524682964,2.0163679146517204,2.0940364310154713
0.2627492251471385,0.9543215458295307,2.3241630691635056,1.139992548018889,0.4013866020201856,0.13043439076282165
0.4801434033916108,-0.731387315480085,2.300498011156728,0.9590742601583391,1.3136479820741676,0.5204256008376669
-1.7445859869741926,1.560077828470782,2.187109389811133,1.7945510389543355,4.930148715383118,5.4112759314469026
0.9274384815581808,0.37532219211379036,4.07393130783529,0.9013250837489306,1.0447980374230703,0.2009645555820141
0.45442033821436295,-1.495894633013494,3.898689602472607,0.7151062241587195,0.9905887070604535,0.38926646030129924
-1.110430684414478,-1.4251253541778635,0.25011062030172926,0.9165641487194326,2.8682033439785455,2.44980085880154
-0.47152480744994896,0.772381707718806,1.7461046368683566,0.8683577632509016,2.4899914539657835,0.43798528743043363
0.2637172043565196,-1.3082242542316878,-0.24720137851642532,0.2959018989920517,2.9021914860142237,1.4362486103710241
0.05246679835624363,0.02917080632817326,1.0467106322291109,0.024479156463488937,1.8836763910427334,-0.3625438642578167
-0.292171185803555,1.9670979037148428,-0.19949889823772948,0.5063880743184056,4.133811799474735,3.022623924025802
-0.10348826806596086,-1.983969581066642,4.240140618272102,0.4471687635204305,0.6929027572123142,0.47150647626419745
-0.25197737820688537,-1.9336807924097723,1.7273963006859256,5.971024179973087,2.1419632292073283,11.041388114435907
0.15256251210246857,1.972338327722026,0.5639417437911558,0.8367475748695001,3.4488092422204355,3.947632014105685
1.471491972993157,0.33855533653666203,3.387237143712754,0.8867425246826688,4.341182201414498,2.9531973566815397
-2.5666584409312976,-1.4923600979259475,-3.341230819590823,1.0890890722800681,1.8478580317837885,1.7946241175017803
-0.23685026450968424,1.5892087990163746,-3.0282051897305795,1.1830511473870078,2.838727995468764,2.258704910006653
0.17651242137244696,1.5215212005107688,2.5916773104395476,0.175690558380058,0.3456997250363075,0.29024825291591694
0.2959939896870995,0.14480165244550092,1.1209368962347361,0.6501806879732169,0.8515954405591447,0.04460430143076022
-0.37191458132128985,0.4871681194430262,1.5008926005215213,0.08327718487513214,0.3456908123305724,-1.183259057501716
-1.7567217824785826,-0.9072512339964947,-1.6527922066370975,0.0013809508462037995,3.6394044599926096,-1.0635886618324104
0.32799548371410964,-1.7979212145119794,0.9535325782992676,0.7269213800746753,1.4402998436107035,1.9237977347111541
1.727350214164185,0.3782704355634574,5.007018820802684,3.9858206512322703,3.6187264509591888,10.943613622964493
-1.5338614049161376,-0.820979227188948,2.6483992395917255,0.6416913560734607,0.3319913952163728,-1.4533420753242114
0.8638280136981883,0.6544841866414077,1.3394130902856243,0.07360346771526352,4.312739002041627,0.6961228438312375
-0.3285252231228939,1.344980707370405,0.12189217979012468,0.3460686661343212,4.177650990555458,1.480013965760857
-0.0613243458288473,-1.9273578243425438,0.21085429626121233,0.20331328072565982,0.4446437152514132,1.6339421732332244
-1.052898510703949,0.38285509874290957,-3.2583957784000352,1.2929728988285383,0.11878253228593261,-2.2941612456078664
-0.33445617235587666,-1.074877841252591,1.5152808418423211,0.38317243784700245,0.2814440649099559,-0.36879858868931886
1.3000445946989585,1.4955539916152056,2.690966216963708,1.0388818809867946,4.26815086573367,4.9741531211783165
0.582655241987707,-0.9853419737526861,-2.1512386543412303,0.5531418813682558,1.1735174452594788,0.29099265250412054
1.732311605409944,0.44308053294167316,-0.322833784613632,1.0319632371898158,2.7413665892909433,3.27307425269399
1.1774118889776937,0.21416336035844585,-1.3149292644668442,0.9579644243026572,2.131221015900284,1.8734618056804737
0.4390866789295762,-0.41533399976300434,-0.930702389617527,2.1997346736488432,3.9776276311430103,6.73419419009472
1.743934526167792,0.7104830543991763,1.1069632536438005,0.3682393256211731,2.444491507353353,1.5580700762698145
0.43899315873829875,0.9030785388617355,-3.1688043099769487,0.42593890428973674,2.5033042033063486,0.4740922316354387
0.8279881767970589,0.26775118127754727,2.2285408767141277,0.6480501785063669,4.945459697499512,2.3182482447004196
-0.29657095353470836,1.0336889487390164,2.5077101398673642,0.7424585601173995,0.7506477837462855,-0.7572493254730257
0.06654581585920483,1.9336683039717504,0.497794823926175,0.23156268125597457,4.153519693729657,2.2545300986567898
-0.6974238233002769,-0.3229104483967795,-3.9614170199690832,0.8034262444314236,0.25874872801942395,-1.9470607314885202
0.989583934594853,0.05833220754212354,-0.9928372520047792,1.3330779863092823,2.388243847864854,2.884842422229212
-1.1783036231148656,-1.950120488235147,3.465803868205393,0.30037051325973746,4.431674119665118,1.0437863117687072
0.7823503424176613,1.1841142252415136,-4.555988561457145,2.1499206649732017,3.3260698280206062,5.7175151984581944
-0.19065105750515945,0.08092026818397535,0.30495317561296154,1.7836728315321144,3.4260730968306645,4.294170897154349
1.1712470934673194,-0.3681542785577392,-1.360001556934518,1.6517344132245033,1.3165864112824277,1.6772708237207885
0.7508689887312598,-1.6237121476424168,2.6091406031696733,1.3938114558103905,2.092873956807271,2.648481203177375
1.8206461576468016,1.558625686701589,-0.35022790428692274,1.0660184944873716,1.8329053174952525,4.25572288230046
0.7307746911386448,-0.4199710398377743,1.8079080414712232,0.6635759863125155,2.607216050789971,0.9618127290331359
-1.5720402556532407,0.7303263928368815,2.130920838338186,1.1000411490580104,2.311139650718341,-0.18446913226637301
-0.06695317289820084,-1.402503374527397,4.67245167946004,1.9209277216683813,1.6344917593849466,1.6674207603251787
-1.172007192594816,1.84619851816413,0.5941161126492596,0.5699264556988975,1.5274030618558503,0.21740602055357444
-0.5182798423662747,-1.2862329527126763,1.7520887392452227,0.18274688906899925,1.2542644582756108,-0.21920329116667325
1.5112284332767216,-1.2018320284020385,-1.970110958254872,3.14783518252673,1.8252362344237922,4.75867582285342
0.637533810897696,1.4359314422308551,3.380827126587488,2.5989871358650998,0.7497073896703033,2.066665286101663
-0.6989304285787463,1.6503309765677248,-0.5210176961427293,0.4495421194260241,4.360521510017869,1.367094307275569
-1.013717366440399,-1.1514103699067944,-0.12150832817549118,0.5005519386906965,3.0105969591671364,1.2850166461687151
0.03278209287626079,-0.12079644730068839,0.9555044103015785,1.5714482546292907,0.6689321279692773,0.27678761930240586
-1.2165601493811278,0.9339796182513194,-2.125768690679699,0.5866087072525246,3.469296671045007,-0.45733019673697883
-0.6711402773965811,1.5134629352432065,1.457540057857876,0.6049793776185496,4.238332339989866,1.371721271277175
0.31200947155124387,-0.48378921985077916,2.9349325458500215,0.7897550093001079,1.1876783602612946,-0.2524267911583778
1.1553120361066962,0.06807794739771689,1.5858676469945832,0.2716516481692965,0.7530029716863196,0.33863120320120066
0.6087614722244398,0.9668656420789397,-2.17779512835745,0.8318516004243274,0.04308628566876027,0.2807787343852559
-2.2912895085981,0.9245439066111816,0.7523814113406808,0.24447964588544407,0.23625169428242554,-1.6408133738577706
0.3043667290302598,1.1318405201043396,2.4840578059589813,0.4468692660324377,3.8112567415175578,1.407270784070861
0.07203357323257792,0.2797352745661055,-2.7559775319318156,0.3448632846355066,4.935931660208469,0.06404843819530119
0.41389028537269307,-1.5815396127808992,-1.149532027635428,0.08106018626446736,0.224401612381383,0.8038019750169811
1.6162096816512073,1.61589316351216,2.75308720816304,2.099003921952493,3.740354795399463,8.143297550682455
-2.063238276804743,1.4622901572841127,1.540190868394573,0.4000341067908433,0.3593108292048003,-1.633969616010726
-0.5911034251911056,1.1923897432733321,1.8239431642535076,0.36932047688565905,2.960664124518334,-0.171888918377969
0.5909063227933546,-1.600550091357082,4.718989615246623,6.604078746793234,3.780376412141189,19.77243893269195
-1.5815943994539423,-1.1824105316742832,1.9371055570124052,0.9046912958530675,1.7960219863386884,0.5380185687867257
1.475949048053509,0.9744014604306077,2.315776020866359,0.05425890979372839,0.05467360555331868,0.7284333076857541
0.3683566127006584,-1.9074396216722143,6.421491054436652,0.5691079311302746,2.9759467606271297,1.4386222092846594
0.846583985843404,1.9168985348291185,0.5723908838190186,0.4206208682215165,4.956223140700139,4.295811533214457
-0.5709436615217945,-0.49142127857727713,-0.5957655272369902,0.6580539844911873,1.2880871141924788,-0.1415429782655067
0.8137636899662105,0.8772501347632944,1.8555927964942653,0.21072056340542494,0.9474563859360791,0.5458690901750574
1.0684715559890383,1.5502843539521733,1.8779820587777898,0.19131466242080122,0.6196294637675748,1.670872430058046
0.23287802013716835,-0.42148044739967094,-0.0534307838924164,0.09666365813060007,2.7762780995002805,0.5259768772208373
0.23440089269869593,-0.7234700456013359,-1.064794039109695,1.2930881631225695,2.982225496801367,2.736625391406195
0.2703432392817259,0.4349645155929869,5.619688844180156,0.029601171530599286,3.961354185852012,-1.5038298600470872
-0.8633452647393817,0.32395749499220283,1.653686940776046,1.5494811462396911,3.7653663681025487,2.8433163551201197
-0.14752868024035293,-0.3634400895008114,-0.4645707628041513,0.17588994643892336,4.462707473975436,0.11944755065893656
-0.1525225324523588,0.4070990234708338,2.831860604559197,1.4522951647377231,4.0288634917115065,3.328454032559142
0.3833938643534951,1.741525478265979,0.7817096968773309,1.2877043648353141,1.2363354153972224,2.8844852460940382
0.9998242469102946,-0.1294389734936141,0.49423710736433746,1.1097641077608855,2.7793870243788055,2.861370728196278
-1.0585360819784093,-1.2130312769974747,2.1245457438289863,0.03926012237168835,1.4870597954679,-0.7001965162583159
-0.12500903031957764,-0.49117606846798445,-1.58376453646338,0.4389610859361734,1.6489268977575122,-0.21898502031066513
1.4814555476589732,-0.4235720696275256,1.7052544078343448,1.0687939131454993,4.659721846149981,3.910837267486956
-0.7435882288125641,-1.4755652278951206,4.825909615463504,0.021320344717722737,3.409479525335368,-1.0454744066140715
-0.8222500172903203,-1.3485139977817804,1.9323553243946217,0.3799424610062796,4.872952066255529,1.0720955314958975
0.20230619183119358,0.738248293574709,0.24757579243307104,0.5163709203357599,2.0845626835937225,1.1520619575485176
0.8443851904853201,-0.6420889831643892,-0.014210560856483978,2.1021039810567443,2.6871878667698827,5.308555537567188
0.01142605556065933,1.8195935674232304,0.1793200533097813,0.26793106662271116,2.4355770995821087,1.996278282563824
1.3289605904369892,-1.0256130185655703,0.4920746439044379,0.22081648822308775,0.5364352876186346,0.6935576686964093
0.8567939825665268,-1.6043019795807107,0.24438693448345605,3.419710330348553,1.1835099726330167,4.5025745759901925
0.8418200668900618,1.0140182520010317,2.8326228821491335,0.4570946283321509,2.6381818030224107,1.200515916938319
0.5541165013240933,1.5241442076714802,-2.4664182064179663,0.45926290550633125,0.3368715256650312,0.7433741558317116
2.327653100346085,-0.8875465725140486,2.7240001008242682,1.4416110455641407,4.657309646544446,4.863475122135838
-0.2051616888660442,-1.1916475934180881,0.24062694971487775,1.2286469355172485,0.619218409716854,0.8640470892852573
-2.003522292066514,-1.2569354605156513,1.7538955713907445,0.5811104622341081,0.9899037320845355,-0.04095315408854716
1.604254361517141,0.08804920546604933,-1.2539758204017275,0.9647670537703462,3.826606119693183,3.237437653076676
-0.45769943095682564,-0.12633343501291616,3.657262133698872,0.407096897492483,0.48467270894656855,-1.644208010261702
0.10788044434303304,-0.9622406405818631,3.491269920343746,1.1945861076370208,4.501390498077047,3.34564506551942
1.309550684860527,-1.8193075320422945,2.9191810515001473,0.15106705178749444,3.628504853612678,1.0361258688515245
-1.6022595410589253,-0.07403463869487714,-2.0295095515870787,0.15129074228258077,0.3431042855442945,-2.212406380546914
-1.2516472141061394,1.8373293905424335,2.6582421421321056,0.44031717716061186,3.4592353064282646,-0.09772487172548404
-1.6012779371188537,0.6100768030106529,1.8097101752714178,0.01790838424664921,3.158142710856589,-2.2017065002115928
-0.7941362900254239,-0.017973773485526312,-2.2105424942651353,0.2614379553776083,3.786747163699593,-1.2727598401773859
0.43963660601699356,-1.5572317038815355,0.951405232458369,0.7428297245860497,4.140989262446679,3.2366993360999126
0.524187842812771,-0.9902548378016509,1.729068978066525,0.42689373226775196,3.5917528158657754,0.8334826505499432
0.27627417932855375,-0.8209042017018291,2.1121505476463014,0.14753111917873246,2.93088147635486,-0.379940116458521
-1.4127658838923665,1.0592142104289373,1.3545227338977115,6.238665463290679,1.6123165929088885,6.2614073567358295
-2.310103436632644,1.5068431890584773,1.5824628336947595,1.9606777942395661,3.4863683091496456,3.788707347596617
0.054353585390382264,1.6065674142657538,3.947222784506191,0.30022337378369013,4.784857923153897,0.9610885002008236
-0.47177603363833576,1.9382744330030164,3.4520678198213597,1.839960328442852,2.9376089026443712,4.010911861443398
0.45938577171661177,1.9294667324181298,-4.734109907565487,2.5748795346435616,3.3217243421712697,7.756108809711332
0.7019536262212701,1.8119965310719257,0.36512289032463596,1.3914778990912884,2.1856402109990034,4.865967605996755
0.13824143205868192,-1.7127114379884625,0.6706979449120974,0.056549509590666604,3.780604048715372,1.3053343206644472
0.7601330853758538,-1.4488258562887792,-2.5041971454539422,0.8350045137392269,4.98833696169318,3.4862497733021813
0.22921137411506842,-0.7821338940958684,1.1883661164646244,0.737277611381728,0.8019466203386805,0.19949143416283677
0.5300647056014667,0.21159301625784588,3.497515544821013,0.7667783962685488,1.0120263975188115,-0.26995142269025285
-0.7046732628698824,-1.6120884451780828,-1.1731357191811806,0.11955117661709545,2.6971887933219474,0.48838450517159226
-0.17961141383145854,1.38318783120857,1.6728018773797446,1.2566573604624942,2.406876986308291,2.1002751387505514
0.19677609665695725,0.46702471630923625,-0.8316469545928755,2.1350841363295605,2.857848922533594,4.575073025032217
0.8205284754174188,0.1694576092088198,-0.3438240473593537,0.08648795032366655,0.2453702386213652,0.42727974251371087
-0.3937411722245721,-1.3387547065308354,3.95478726834007,0.31670222122694514,2.0213822816522447,-0.37542859844461085
0.5211672557321126,-0.9869781023992106,-0.08511564022364992,0.011677584053589077,2.9148913103278042,0.7667844836626618
-0.265838791915379,-1.3587519000709678,1.9244249780212495,1.738644370696949,2.9259567565248137,3.699090711552509
-0.11754216732813036,1.4077326311791944,-2.742436232121974,4.811322726987763,3.286669808841868,12.088565544095122
0.829519042024073,0.33691144024487274,4.72463512278976,0.02013082883084768,3.601080145013319,-0.9296208090474616
-1.993060371054156,0.9405177100785336,2.2053048926129977,2.287061030310413,3.207736016704283,3.76987814486384
-1.296472328074761,-0.8158685483598971,0.6350003146994767,0.5890639210115802,3.951215776947175,1.0657711959945253
-1.4821853974428207,-0.5149894516468914,2.1510930199997897,2.893232370886784,3.1238031734229583,5.361804785618856
-2.3336161198483047,-0.38058014229386483,-1.8196388578956206,3.7599658912137675,2.6875383126860224,6.744256365508476
-0.6782644401551767,1.0400598869761395,3.3650614835053143,1.6210958725826419,3.0309821444390543,2.1029219991015244
0.7494338997277404,1.0894119506982722,0.35203044900713965,0.13450218388374457,0.5059668337666617,1.1317516684721214
-0.28488406638257474,-1.1727458899438732,0.5918609699031305,0.7981409818353679,1.3657827036276,1.0161374484329222
0.19779008194185213,1.766155426952396,0.016688770069031134,0.18895656564864857,2.636998903290656,2.1893157480525964
1.0892174967107926,-1.5173786502252544,-0.16130280549116938,4.731700933223162,4.364936077008536,17.874082413436806
1.3276861322676916,1.5844883296945214,2.3893412232568174,0.6409755884994002,3.395257781439965,3.3815108773071905
-0.06913793472613955,-1.5984174174007628,1.5118137002084457,0.2535134831823861,0.4520403923594879,0.5264721443453405
1.3535858895693973,-0.9418407553947556,2.30349628280608,0.3568730062117203,2.9613747522220217,0.6900658240736405
0.09212665843410921,1.385914144271828,0.9824106210288571,3.3731568072739075,1.1086899381854947,3.2782820025406783
-0.8373982238274621,-1.2820317106156502,2.0263996221543623,0.11523989629132318,3.6700827989436147,-0.31366403617233496
-0.5944003521987352,-0.3457282747601207,0.1623025121499233,1.3128148605944518,4.137204262543736,3.7076069214334653
-1.4805365125650163,-0.20056280022349515,5.459463682819097,2.2116507143548874,2.967281362949867,2.6865835962719324
-0.8881338537336524,-1.0189641079071614,-2.135860832860997,0.5195353403493256,2.9568130487585487,0.10066046484651282
-0.35801668807442916,0.8409808053439463,3.5218746471259688,1.0925034927698372,1.69295721605407,-0.33989942291257524
0.8035850193786016,1.4053385976088153,3.7358149014419415,0.8133409534779517,2.231250105806547,1.9785265374817227
1.7207698311659838,1.4983005594222871,-0.7043176119311876,0.6113742085038543,4.320541769076727,4.659165660141772
-1.38218151537704,-0.6427114170537562,5.458547221111947,0.5127197514854673,3.6166016548357827,-0.73359265711657
0.39282746825991893,0.12340157715125777,2.990980565890636,0.07009258207061073,2.5987682984792153,-0.6502593472122936
-1.0405439391575344,-1.006374384537394,2.942278013645823,0.3407717489165095,1.8411619312418548,-1.0139336955803044
0.47469708846320197,-1.0208139937994183,1.0560443740517533,0.19446615671454198,0.25189869144277177,0.2423463507818098
-0.1310866506877266,-1.3549837485923035,0.5655476835626472,0.6061889775537609,0.7150370066319256,0.6668878838693537
-1.8309058258475304,1.7600760432300588,0.5811823459207838,1.4034445768814658,0.9651259476968532,0.26366864666059214
0.9282969915684843,1.5519553144223197,1.7810611926390343,0.27287643024199526,1.8669177162933737,1.6945083983022446
-0.605000712808731,1.109434853310769,3.8023725500677923,0.3306525932913391,4.720718235381373,-0.5395239509636902
-0.5339002383735546,0.07064608515091608,1.362628435722839,0.3927221708351918,2.5257669742937434,-0.6515742563462498
-1.06975241128969,-0.037568337952512465,-0.8228872462745807,1.5666354818785195,1.1742008162961555,0.0967503461946988
-0.6542832766875555,0.11898266472999186,2.6488541247699597,1.9939490416780348,0.5287506873075704,-0.9957664907758004
0.4278904406949172,0.1462720543083571,2.842301492789584,0.1495966914780095,1.6915276230148202,-0.6715253722745975
-0.18924434093640552,-0.26174766120923865,2.309319056895572,2.3380861048385766,4.078653177755284,6.158208687494111
0.32866200228248105,-1.4729806684317301,2.4909978130499653,1.5362925787667348,1.9167139670525395,2.3367343377601313
0.3619218539288437,-1.497344588525856,0.4581437396843838,0.09585717752787706,3.8625290301120674,1.1569411689944853
1.320661655528167,1.8089988633827332,-0.8579783342611591,1.1061374541786482,4.013524880634394,6.340926919838016
-0.3427861508643793,-0.07187696165459778,-0.7363868612815596,0.8955893846041308,0.5541038484935207,-0.3631261069322346
-1.4768578168457318,1.8128220996207558,-2.270926496915716,0.7437713702117205,3.043298763133919,0.5757668883377366
1.067222416571983,-1.34569248915956,1.4738972230918996,0.08113696453484852,4.795480316855554,0.6804176185955545
-0.3314881720972547,0.21766620815973425,0.8331024335468128,1.0437240070308198,2.0106903745177696,0.4755141033170768
1.114592444577377,-1.169130986593843,0.12002459094058249,0.7778057037015934,0.2547204450151114,1.0586851600052878
0.3833771131824704,-0.9872615754935938,-4.91123764869014,0.3138524193710004,4.616513451289393,0.27227982016418745
-0.13113753020334493,-1.8797816849552849,-1.4946349393883378,0.5948055857790499,4.418331407862414,2.8581512451092284
0.3487758940462951,-1.5241867570391547,3.2416813028063336,1.4694101795096737,2.610707236045009,2.8927680591486857
1.9510125601262995,1.667393630516783,-0.329252000126262,0.04708158412035466,2.7612656017200483,3.278270400989865
2.076980529053753,-0.7138680340706731,1.7211833553136828,0.5471558139001486,1.0587055138806245,0.27346837141551616
0.0693811351327787,0.4325168476583663,-1.7813708599505125,1.838930224441778,4.0972537777231866,5.179015447617679
0.1601905933170753,-0.13994347204290802,3.8774109647184622,0.5607265533145667,2.493000191960632,-0.3330685621475205
1.0762401574663856,-0.39819501901888676,0.7119446798906472,1.9582544845962644,0.16938897571278255,0.5454183441035798
-0.8456610327673472,0.1275443653842725,1.5800807929670704,0.17909801675311118,3.415074782244989,-1.2084316414639384
0.3330703726182551,-1.251044221538634,5.65155958376337,1.4753042818616167,4.7524813490135305,4.8587345355660165
-0.0258628479538564,1.9544155940783061,4.032880201178807,2.7770983191782057,4.145752451728751,9.505630216272808
0.3139082114575536,1.2732314748154518,0.38686875742588445,0.15273075702405883,1.385990701052699,1.1541418739192573
-0.8333688059494058,0.9664585309260612,-0.18644036974071843,1.7634636759250082,0.26662542466670325,-0.19268770279145858
-1.589567493308969,-0.12496281194419012,0.3489099769609364,0.3028240610038512,4.701757062690903,-0.20964523539534732
-2.0729834359912918,-1.388491511494656,2.019796496953071,0.12239088444606568,4.685313624398507,0.3799668902250715
-1.1173841129896078,1.6826634330942714,0.7895517314982577,0.10332595837339487,2.662076598564347,-0.4387067115290184
-0.458675284939333,-0.6344517304730894,0.20951170999305668,0.5191843648834451,3.2115870583576758,0.7379043715379175
-0.2931915866487618,-1.799573241212265,3.9343625014180845,0.014582818716896982,2.313000303554041,-0.29354762487894176
1.9372311624295169,-0.6303852927574853,0.7715802164443262,0.28142563476497057,2.098826835493793,0.5647900872819114
1.1059933699072981,1.1778281219835374,5.599178186074639,0.5220407956379246,0.5972421796435018,0.39395550244865696
-0.9620911163416273,0.49083497995283265,1.181485127504346,0.5861726646654472,0.4837644918054801,-1.3833682992274419
0.34770845245095694,1.0033543389794386,4.570636788449455,0.23166543653096308,1.1636607333809375,-0.5346420320400607
-0.4070782363503251,1.1745415354495097,1.7146388454212536,0.3825159468502206,4.183203732032721,0.6269559349217269
-0.28436383804009513,-1.1521815556778296,2.9259211464988955,0.2018443239631066,0.7291615036783999,-0.8952623783724616
0.18532564941538202,1.6951332643727208,-0.44922210303544885,0.27868686098665063,1.1334932595735536,1.5941919858349838
0.6191711169753933,-0.24804158831850964,-0.7075184451748235,1.1976921144220525,2.7430702966110374,2.6887339778346675
-0.33925848388401536,0.5560545970566584,1.9194119100299751,0.5347692696750135,1.075656090391372,-0.9196106966274673
1.0638515327343585,-1.990764909653032,2.9771064849306303,1.3655174494623894,0.8160334235889355,1.7341653236043781
-1.141938226142404,1.973473993644712,1.0805130040009256,0.2765451208085388,2.8165812084898114,0.09230300205502562
0.006339062362268442,-0.8764144561433795,-1.5727866701673943,0.02725123266302192,1.8404663549830773,-0.375151540113954
2.5976737265958323,-1.751747573839379,-1.7205167325786541,0.7712985358727665,3.130796429202346,1.5495021883171223
0.2230797426252751,-0.1669518338539442,-1.8542728043724823,1.2577418533090041,4.561026702043382,3.9675957392364447
1.4332145066061728,-1.483879771271833,-2.535244225878762,0.09995965202382914,0.7549656571753383,0.24782779076651354
0.09152017817320818,-1.3906931593696972,1.218970718894175,1.1316873622324302,4.56716829906532,4.460870480909481
0.5807770953297967,0.5291312521208407,3.2500878434160505,0.12261931704564659,4.512449837114593,-0.22876320791946084
-0.056783194392691534,-0.42829043371906694,0.9731684261503825,0.3589514388671927,4.145437916679514,0.5499533246281096
-0.17040758116420443,1.6874098006199802,-3.5208295146757047,0.8154488520043791,3.156429586530426,1.6598547249978803
-0.7794823967254196,-0.7233740215677198,0.6184790793309025,0.10139572134639983,3.100733287327737,-0.490172776180169
0.4303013589575532,0.9047205135356045,0.6744020067347858,0.9753804014403124,3.196063299682508,2.9534408344386462
-0.8515371891857679,-0.15560227938036952,5.191997500450879,0.7608939717920911,3.4524777560890656,-0.5005456367391521
0.6655852363134291,0.6398052045171152,-1.9142758258391126,1.0721101632090957,0.08241100298078508,-0.06149448255113137
1.08528700444591,0.39878142686396156,0.2186447948016086,0.08013526527854117,4.790462895803248,1.1421470952725672
0.36653140723722993,-0.10886410896400722,4.411705361089128,0.29096825545432475,2.928018807327899,-0.4246949788016162
-0.28624873355569186,1.8002443784977484,1.8999566826930963,1.6460444022417016,3.9073291970121082,5.255130020739608
0.4539655793086961,-0.6291454289801766,2.1266261470328494,0.02377110258153524,1.8864091953068156,-0.39879590480916705
-0.3086730555464126,-1.2910579950029097,1.2291688740477564,1.7414238360078629,0.061986069578979786,-0.08566068801207584
0.9355471254651493,0.7123762435193131,1.6598870773145291,1.304794391858336,2.54867329938222,2.9666430676480258
-1.8314060842151236,1.384030245231635,2.555219060557072,0.09703294323358258,2.535950596579645,-1.9725760941210277
-0.3356073681186462,-1.838985040240305,-0.6189726377855327,0.16749063593871538,2.184946441557259,1.3130107761520606
-1.9908119951239978,-0.20146924630927776,2.7561171578163997,1.502709660858254,1.698585270810384,-0.03280929397758893
-1.495060830227205,1.5699507587493051,-1.7460060337710783,0.660273234584127,1.2491304390486102,-0.6606455160616669
